DateTime,Media Temperatura,Temperatura Intervallo,,Media Umidità
,,low,high,
05.07.2024 15:00:00,"31,65","31,1","32,2","37,08"
05.07.2024 16:00:00,"31,45",31,"32,2","33,55"
05.07.2024 17:00:00,"31,66","31,2","32,1","34,98"
05.07.2024 18:00:00,"30,08","29,2","30,8","42,39"
05.07.2024 19:00:00,"28,78","26,5","29,6","47,54"
05.07.2024 20:00:00,"24,26","22,4",26,"59,08"
05.07.2024 21:00:00,"20,1","18,6","21,9","76,51"
05.07.2024 22:00:00,"17,6",17,"18,4","87,61"
05.07.2024 23:00:00,"16,42",16,"16,9","91,33"
06.07.2024 00:00:00,"15,44","14,9","15,9",92
06.07.2024 01:00:00,"14,72","14,6","14,9","93,9"
06.07.2024 02:00:00,"14,31","14,1","14,5","95,22"
06.07.2024 03:00:00,"14,39","14,1","14,6","96,63"
06.07.2024 04:00:00,"14,11",14,"14,3","97,14"
06.07.2024 05:00:00,"13,92","13,7",14,"97,67"
06.07.2024 06:00:00,"13,91","13,6","14,4","97,65"
06.07.2024 07:00:00,"15,53","14,1","17,3","97,97"
06.07.2024 08:00:00,"21,66","18,5","24,3","79,96"
06.07.2024 09:00:00,"24,69","22,6","26,2","68,11"
06.07.2024 10:00:00,"27,08",26,"28,2","56,56"
06.07.2024 11:00:00,"28,58","27,4","29,9","53,4"
06.07.2024 12:00:00,"28,34","27,2","29,1","56,53"
06.07.2024 13:00:00,"28,35","27,9","28,9","56,36"
06.07.2024 14:00:00,"29,08","28,5","29,8","55,29"
06.07.2024 15:00:00,"30,05","29,7","30,6","43,86"
06.07.2024 16:00:00,"29,75","29,3","30,2","39,75"
06.07.2024 17:00:00,"29,67","29,2","30,2","40,09"
06.07.2024 18:00:00,"28,64","28,3","29,3","43,26"
06.07.2024 19:00:00,"28,01","26,1","28,9","51,72"
06.07.2024 20:00:00,"24,58","23,5","25,5","67,25"
06.07.2024 21:00:00,"22,25","21,3","23,3","75,41"
06.07.2024 22:00:00,"20,01","19,3",21,"85,78"
06.07.2024 23:00:00,"19,15","18,9","19,6","92,43"
07.07.2024 00:00:00,"19,52","19,2","19,7","94,97"
07.07.2024 01:00:00,"19,01","18,7","19,6","95,83"
07.07.2024 02:00:00,"20,07","19,7","20,4","96,03"
07.07.2024 03:00:00,"20,25",20,"20,5","93,09"
07.07.2024 04:00:00,"19,93","19,6","20,1","91,72"
07.07.2024 05:00:00,"19,79","19,6",20,"88,85"
07.07.2024 06:00:00,"20,78","20,1","21,2","83,49"
07.07.2024 07:00:00,"20,65","20,4","20,8","85,95"
07.07.2024 08:00:00,"20,42",20,"21,1","87,92"
07.07.2024 09:00:00,"22,21","21,2","24,8","82,89"
07.07.2024 10:00:00,"26,82","25,7","27,6","57,63"
07.07.2024 11:00:00,"28,39","26,9","29,4","54,46"
07.07.2024 12:00:00,"29,61",29,30,"50,43"
07.07.2024 13:00:00,"28,99","27,1","30,2","51,58"
07.07.2024 14:00:00,"25,89",25,"26,7","63,3"
07.07.2024 15:00:00,"26,04","25,6","26,7","63,24"
07.07.2024 16:00:00,"27,13","25,4","28,7","62,24"
07.07.2024 17:00:00,"25,28","24,9",26,"69,26"
07.07.2024 18:00:00,"25,79","25,2","26,5","70,24"
07.07.2024 19:00:00,"24,83","24,2","25,2","72,71"
07.07.2024 20:00:00,"23,9","23,8","24,1","78,09"
07.07.2024 21:00:00,"23,67","23,5","23,8","79,45"
07.07.2024 22:00:00,"22,91","22,5","23,5","82,47"
07.07.2024 23:00:00,"22,55","22,5","22,6","85,65"
08.07.2024 00:00:00,"22,26","21,8","22,5","87,24"
08.07.2024 01:00:00,"21,24","20,7","21,7","90,84"
08.07.2024 02:00:00,"21,05","20,7","21,3",93
08.07.2024 03:00:00,"20,26","19,6",21,"93,3"
08.07.2024 04:00:00,"19,55","19,3",20,"95,41"
08.07.2024 05:00:00,"19,7","19,1","20,1","96,56"
08.07.2024 06:00:00,"19,03","18,7","19,5","96,87"
08.07.2024 07:00:00,"20,27","19,2","21,9","97,32"
08.07.2024 08:00:00,"23,92","22,3",25,"87,41"
08.07.2024 09:00:00,"26,78","25,1","28,5","71,38"
08.07.2024 10:00:00,"30,05","28,1","31,3","58,87"
08.07.2024 11:00:00,"31,49","30,3","32,9","52,08"
08.07.2024 12:00:00,"30,65","29,3","31,9","49,97"
08.07.2024 13:00:00,"31,56",31,"32,1","48,82"
08.07.2024 14:00:00,"31,03","29,8","31,9","53,67"
08.07.2024 15:00:00,"31,73","30,9","32,3","48,66"
08.07.2024 16:00:00,"32,23","31,8","33,5","44,14"
08.07.2024 17:00:00,"33,12","32,2","33,9","40,2"
08.07.2024 18:00:00,"32,18","31,6","32,8","39,78"
08.07.2024 19:00:00,"30,66","28,7","31,5","40,88"
08.07.2024 20:00:00,"26,76","24,5","28,3","51,38"
08.07.2024 21:00:00,"22,32","20,7","24,3","66,21"
08.07.2024 22:00:00,"19,55","18,9","20,4","76,96"
08.07.2024 23:00:00,"18,67","18,3","18,9","78,5"
09.07.2024 00:00:00,"18,1",18,"18,2","80,27"
09.07.2024 01:00:00,"17,87","17,6","18,1","78,71"
09.07.2024 02:00:00,"17,86","17,3","18,8","76,71"
09.07.2024 03:00:00,"16,64","16,3","17,1","80,56"
09.07.2024 04:00:00,"16,17","15,9","16,3","81,33"
09.07.2024 05:00:00,"15,45","15,2","15,8","81,87"
09.07.2024 06:00:00,"15,33",15,"15,7","82,29"
09.07.2024 07:00:00,"16,79","15,6","18,6","80,03"
09.07.2024 08:00:00,"24,04","19,7","27,4","59,79"
09.07.2024 09:00:00,"29,16","26,2","31,2","44,6"
09.07.2024 10:00:00,"33,17","31,9","34,4","33,15"
09.07.2024 11:00:00,"34,82","34,3","35,2","30,84"
09.07.2024 12:00:00,"34,48","33,8","35,3","30,93"
09.07.2024 13:00:00,"33,65","33,3","34,3","31,24"
09.07.2024 14:00:00,"34,26","33,5",35,"31,06"
09.07.2024 15:00:00,"33,99","33,7","34,9","30,82"
09.07.2024 16:00:00,"34,75","33,9","35,5","29,38"
09.07.2024 17:00:00,"35,1","34,3",36,"28,69"
09.07.2024 18:00:00,"33,99","33,2","34,5","30,3"
09.07.2024 19:00:00,"33,68","31,9","34,3","31,41"
09.07.2024 20:00:00,"28,21","25,6","30,9","41,83"
09.07.2024 21:00:00,"23,6","21,7","25,3","55,71"
09.07.2024 22:00:00,"20,55","19,8","21,4","65,62"
09.07.2024 23:00:00,"19,22","18,8","19,7","70,39"
10.07.2024 00:00:00,"18,28","17,8","18,7","72,05"
10.07.2024 01:00:00,"17,44",17,"17,8","72,74"
10.07.2024 02:00:00,"16,69","16,4",17,"74,34"
10.07.2024 03:00:00,"16,44",16,"16,7","77,8"
10.07.2024 04:00:00,"16,05","15,9","16,2","80,74"
10.07.2024 05:00:00,"15,37",15,"15,8","84,65"
10.07.2024 06:00:00,"15,48",15,16,"87,12"
10.07.2024 07:00:00,"18,02","16,2","20,5","85,37"
10.07.2024 08:00:00,"24,95","21,5","27,2","66,58"
10.07.2024 09:00:00,"29,14","26,9","31,8","53,87"
10.07.2024 10:00:00,"33,27","32,5",34,"45,37"
10.07.2024 11:00:00,"34,85","33,4","35,7","41,44"
10.07.2024 12:00:00,"35,16","34,5","35,6","38,49"
10.07.2024 13:00:00,"35,46",35,"35,8","37,25"
10.07.2024 14:00:00,"34,84","34,5","35,2","40,94"
10.07.2024 15:00:00,"35,21","34,3","36,2","42,27"
10.07.2024 16:00:00,"35,26","34,6","36,1","42,45"
10.07.2024 17:00:00,"35,11",34,"36,1","41,65"
10.07.2024 18:00:00,"34,09","33,6","34,9","41,17"
10.07.2024 19:00:00,"33,1","30,9","34,2","43,18"
10.07.2024 20:00:00,"28,66","26,6","30,4","52,13"
10.07.2024 21:00:00,"24,51",23,"26,4","66,08"
10.07.2024 22:00:00,"22,44","22,1","22,9","67,98"
10.07.2024 23:00:00,"24,02","23,3","24,8","58,99"
11.07.2024 00:00:00,"22,52","20,7","24,5","63,99"
11.07.2024 01:00:00,"19,35","18,5","20,4","74,48"
11.07.2024 02:00:00,18,"17,7","18,4","76,62"
11.07.2024 03:00:00,"17,28","16,6","17,6","74,01"
11.07.2024 04:00:00,"16,17","15,9","16,5","77,24"
11.07.2024 05:00:00,"16,21","16,1","16,3","73,19"
11.07.2024 06:00:00,"16,21",16,"16,5","74,55"
11.07.2024 07:00:00,"17,97","16,5","19,8","72,93"
11.07.2024 08:00:00,"24,83","20,8","28,2","55,29"
11.07.2024 09:00:00,"30,15","26,9","33,3","41,5"
11.07.2024 10:00:00,"32,12","31,1","33,2","34,16"
11.07.2024 11:00:00,"32,38","31,6","32,8","38,45"
11.07.2024 12:00:00,"33,11","32,3","33,7","38,5"
11.07.2024 13:00:00,"33,91","33,4","34,6","38,16"
11.07.2024 14:00:00,"34,18","33,3","34,9","37,51"
11.07.2024 15:00:00,"34,76","33,2","35,5","34,95"
11.07.2024 16:00:00,"34,78","33,6","35,9","34,17"
11.07.2024 17:00:00,"34,45","33,9","35,3","33,85"
11.07.2024 18:00:00,"33,49","32,5","34,2","36,32"
11.07.2024 19:00:00,"32,16","30,7","32,8","40,71"
11.07.2024 20:00:00,"28,51","26,6","30,2","51,35"
11.07.2024 21:00:00,"25,18","24,2","26,3","58,88"
11.07.2024 22:00:00,"22,15","21,1","23,5","69,58"
11.07.2024 23:00:00,"20,43",20,"20,9","74,88"
12.07.2024 00:00:00,"19,43","18,9","19,9","76,2"
12.07.2024 01:00:00,"18,44",18,"18,9","78,16"
12.07.2024 02:00:00,"17,76","17,4",18,"79,55"
12.07.2024 03:00:00,"17,43","17,1","17,7","79,2"
12.07.2024 04:00:00,"16,8","16,7",17,"83,55"
12.07.2024 05:00:00,"16,65","16,5","16,7","86,28"
12.07.2024 06:00:00,"16,58","16,4","16,9","86,98"
12.07.2024 07:00:00,"17,85","16,8","19,9","86,05"
12.07.2024 08:00:00,"24,68","20,7",28,"64,52"
12.07.2024 09:00:00,"30,48","27,3","33,2","45,02"
12.07.2024 10:00:00,"33,35","32,9",34,"39,65"
12.07.2024 11:00:00,"34,19","33,6","34,7","38,45"
12.07.2024 12:00:00,"34,76","34,1","35,2","36,15"
12.07.2024 13:00:00,"34,84","34,5","35,1","38,39"
12.07.2024 14:00:00,"34,29",34,"34,6","37,38"
12.07.2024 15:00:00,"34,23","33,6","34,7","35,81"
12.07.2024 16:00:00,"34,43","33,7","34,8","34,15"
12.07.2024 17:00:00,"34,36",34,"34,8",33
12.07.2024 18:00:00,"33,83","33,1","34,3",31
12.07.2024 19:00:00,"32,08","30,2","33,1","34,54"
12.07.2024 20:00:00,"27,48","25,7","29,5","47,95"
12.07.2024 21:00:00,"23,37","21,9","25,2","63,09"
12.07.2024 22:00:00,"20,94","20,5","21,6","73,12"
12.07.2024 23:00:00,"19,82","19,4","20,5","77,7"
13.07.2024 00:00:00,"19,18","18,9","19,4","81,5"
13.07.2024 01:00:00,"18,69","18,6","18,8","85,63"
13.07.2024 02:00:00,"18,46","18,4","18,6","88,8"
13.07.2024 03:00:00,"18,48","18,3","18,7","90,75"
13.07.2024 04:00:00,"18,55","18,4","18,7","93,18"
13.07.2024 05:00:00,"18,65","18,6","18,7","95,16"
13.07.2024 06:00:00,"18,87","18,7","19,2","96,14"
13.07.2024 07:00:00,"19,98","19,1","21,9","96,08"
13.07.2024 08:00:00,"24,66","22,5","26,1","80,2"
13.07.2024 09:00:00,"27,65","25,8","28,7","68,95"
13.07.2024 10:00:00,"30,36","28,8","32,2","58,78"
13.07.2024 11:00:00,"31,61","30,8","32,5","53,39"
13.07.2024 12:00:00,"32,43","32,1","32,9","49,67"
13.07.2024 13:00:00,"33,03","31,8","34,1","49,27"
13.07.2024 14:00:00,"31,22","30,5","32,5","55,54"
13.07.2024 15:00:00,"32,5","30,5","34,2","53,58"
13.07.2024 16:00:00,"32,13","30,2","33,8","52,04"
13.07.2024 17:00:00,"32,99","32,1","33,4","45,85"
13.07.2024 18:00:00,"31,58","30,8","32,2",48
13.07.2024 19:00:00,"31,26","30,2","32,2","46,26"
13.07.2024 20:00:00,"27,81","25,6","29,9","52,15"
13.07.2024 21:00:00,"23,28","21,4","25,3","63,33"
13.07.2024 22:00:00,"19,88",19,"21,1","74,64"
13.07.2024 23:00:00,"18,55","18,2","18,9","80,4"
14.07.2024 00:00:00,"17,77","17,6","18,1","87,52"
14.07.2024 01:00:00,"17,39","17,2","17,5","91,58"
14.07.2024 02:00:00,"17,12",17,"17,2","92,74"
14.07.2024 03:00:00,"17,05","16,9","17,1","94,52"
14.07.2024 04:00:00,"17,12",17,"17,3","95,98"
14.07.2024 05:00:00,"17,36","17,1","17,6","96,63"
14.07.2024 06:00:00,"17,46","17,4","17,7","96,5"
14.07.2024 07:00:00,"18,29","17,8","19,6","95,95"
14.07.2024 08:00:00,"23,17","20,3","25,7","81,3"
14.07.2024 09:00:00,"28,68","25,1","31,3","55,23"
14.07.2024 10:00:00,"31,53","30,6","32,5","47,48"
14.07.2024 11:00:00,"33,07","32,1","33,8","41,79"
14.07.2024 12:00:00,"33,63","33,1",34,"42,35"
14.07.2024 13:00:00,"33,63","33,1","34,3","45,66"
14.07.2024 14:00:00,"34,29","33,7","34,7","44,42"
14.07.2024 15:00:00,"34,83","34,2","35,9","43,81"
14.07.2024 16:00:00,"35,28","34,7","35,8","41,45"
14.07.2024 17:00:00,"33,68","32,5","35,5","44,07"
14.07.2024 18:00:00,"32,49","31,9",33,"51,17"
14.07.2024 19:00:00,"32,53","31,3","33,2","51,8"
14.07.2024 20:00:00,"28,75","27,3","30,4","63,25"
14.07.2024 21:00:00,"24,88","23,4","26,8","75,2"
14.07.2024 22:00:00,"22,25","21,4","23,3","82,8"
14.07.2024 23:00:00,"20,8","20,2","21,2","86,29"
15.07.2024 00:00:00,"19,64","19,2","20,1","86,8"
15.07.2024 01:00:00,"18,77","18,4","19,1",89
15.07.2024 02:00:00,"17,98","17,7","18,3","84,92"
15.07.2024 03:00:00,"17,29","17,1","17,6","80,78"
15.07.2024 04:00:00,"16,8","16,6","17,1","81,49"
15.07.2024 05:00:00,"16,86","16,5","17,2","81,16"
15.07.2024 06:00:00,"16,41","16,2","16,7","87,13"
15.07.2024 07:00:00,"17,82","16,7","19,8","90,4"
15.07.2024 08:00:00,"23,93","20,6","27,1","70,37"
15.07.2024 09:00:00,"29,72","26,2","32,2","50,7"
15.07.2024 10:00:00,"33,29","31,8",34,"40,61"
15.07.2024 11:00:00,"35,33","34,2","36,2","33,63"
15.07.2024 12:00:00,"35,97","35,6","36,5","31,93"
15.07.2024 13:00:00,"36,08","35,4","36,7","28,98"
15.07.2024 14:00:00,"36,37","35,8",37,"31,5"
15.07.2024 15:00:00,"35,86","35,3","36,4","33,86"
15.07.2024 16:00:00,"36,3","35,5","36,7","32,21"
15.07.2024 17:00:00,"36,09","35,4","37,1","32,01"
15.07.2024 18:00:00,"35,97","35,6","36,1","32,23"
15.07.2024 19:00:00,"33,91","31,7","35,4","35,69"
15.07.2024 20:00:00,"28,84",27,"30,8","45,15"
15.07.2024 21:00:00,"24,88","23,1","26,6","56,75"
15.07.2024 22:00:00,"22,18","21,8","22,9","65,07"
15.07.2024 23:00:00,"21,13","20,6","21,6","68,41"
16.07.2024 00:00:00,"19,92","19,5","20,4","71,24"
16.07.2024 01:00:00,"19,05","18,3","19,8","72,69"
16.07.2024 02:00:00,18,"17,7","18,2","76,11"
16.07.2024 03:00:00,"17,42","17,2","17,7","78,6"
16.07.2024 04:00:00,"16,87","16,6","17,1","79,91"
16.07.2024 05:00:00,"16,14","15,9","16,4","84,25"
16.07.2024 06:00:00,"16,08","15,9","16,3","83,29"
16.07.2024 07:00:00,"17,7","16,2","19,1","75,29"
16.07.2024 08:00:00,"23,07","19,6","25,9","59,71"
16.07.2024 09:00:00,"29,46","25,8",32,"42,76"
16.07.2024 10:00:00,"31,85",31,"32,8","41,77"
16.07.2024 11:00:00,"32,13","31,4","32,8","42,69"
16.07.2024 12:00:00,"33,23","32,9","33,8","40,42"
16.07.2024 13:00:00,"34,39","33,6","35,3","34,78"
16.07.2024 14:00:00,"35,06","34,2","35,9","36,56"
16.07.2024 15:00:00,"35,4","34,3","36,1","35,43"
16.07.2024 16:00:00,"35,78","35,2","36,3","34,6"
16.07.2024 17:00:00,"35,35","34,7","36,1","34,47"
16.07.2024 18:00:00,"33,7","31,5","34,8","37,13"
16.07.2024 19:00:00,"32,95","31,2","33,8","39,58"
16.07.2024 20:00:00,"28,44","27,2","30,6","50,45"
16.07.2024 21:00:00,"25,71","24,6","26,9","58,94"
16.07.2024 22:00:00,"24,63","23,7","25,4","62,93"
16.07.2024 23:00:00,"22,79","21,5","24,5","68,24"
17.07.2024 00:00:00,"20,98","20,3","23,2","73,22"
17.07.2024 01:00:00,"23,74","22,8","24,4","59,92"
17.07.2024 02:00:00,"21,48","20,6","22,4","66,22"
17.07.2024 03:00:00,"19,62",19,"20,3","72,62"
17.07.2024 04:00:00,"18,26","17,8","18,8","77,29"
17.07.2024 05:00:00,"17,53","17,3","17,6","79,96"
17.07.2024 06:00:00,"17,31",17,18,"81,1"
17.07.2024 07:00:00,"18,81","17,4","20,7","79,09"
17.07.2024 08:00:00,"24,35","21,3","26,7","62,77"
17.07.2024 09:00:00,"30,38","26,9","31,7","46,05"
17.07.2024 10:00:00,"33,03","31,7","33,8","41,04"
17.07.2024 11:00:00,"33,17","32,5",34,"41,34"
17.07.2024 12:00:00,"34,56",34,"35,2","38,83"
17.07.2024 13:00:00,"35,01","34,3","35,4",39
17.07.2024 14:00:00,"35,37",35,"35,8","37,27"
17.07.2024 15:00:00,36,"35,3",37,"36,01"
17.07.2024 16:00:00,"36,38","35,9",37,"32,49"
17.07.2024 17:00:00,"35,87",35,"36,9","33,92"
17.07.2024 18:00:00,"35,25","34,5","35,9","34,01"
17.07.2024 19:00:00,"34,48","32,9","35,4","37,54"
17.07.2024 20:00:00,"29,82","28,1","32,1","49,19"
17.07.2024 21:00:00,"26,89","25,6","27,9","59,71"
17.07.2024 22:00:00,"24,01","22,7","25,3","69,05"
17.07.2024 23:00:00,"21,65",21,"22,6","73,18"
18.07.2024 00:00:00,"20,17","19,7","20,9","74,31"
18.07.2024 01:00:00,"19,16","18,6","19,7","73,78"
18.07.2024 02:00:00,"17,84","17,3","18,4","75,33"
18.07.2024 03:00:00,"16,97","16,7","17,2","75,86"
18.07.2024 04:00:00,"16,3","15,9","16,8","77,21"
18.07.2024 05:00:00,"15,75","15,7","15,8","78,53"
18.07.2024 06:00:00,"15,59","15,4",16,"78,41"
18.07.2024 07:00:00,"17,22","16,1","19,1","78,55"
18.07.2024 08:00:00,"23,13","19,8","25,9","65,65"
18.07.2024 09:00:00,"29,15","24,9","31,6","45,4"
18.07.2024 10:00:00,"34,02","32,3","35,6","35,32"
18.07.2024 11:00:00,"36,29",35,"37,8","30,48"
18.07.2024 12:00:00,"35,66","35,2","36,1","29,92"
18.07.2024 13:00:00,"35,87","35,1","37,1","31,54"
18.07.2024 14:00:00,"37,09","35,8","38,3","30,28"
18.07.2024 15:00:00,"35,68","34,8","36,4","34,57"
18.07.2024 16:00:00,"34,62","33,9","35,6","39,86"
18.07.2024 17:00:00,"35,06","34,4","35,6","36,05"
18.07.2024 18:00:00,"34,89","34,2","35,6","31,94"
18.07.2024 19:00:00,"33,55","32,5","34,2","34,04"
18.07.2024 20:00:00,"30,14",29,"31,9","37,66"
18.07.2024 21:00:00,"27,84",27,"28,7","44,98"
18.07.2024 22:00:00,"24,93","23,6","26,7","50,76"
18.07.2024 23:00:00,"22,38","21,6","23,4","60,3"
19.07.2024 00:00:00,"21,11","20,8","21,4","60,39"
19.07.2024 01:00:00,"19,87","19,4","20,7","59,38"
19.07.2024 02:00:00,"18,53","18,1","19,2","63,98"
19.07.2024 03:00:00,"18,2","17,9","18,6","66,14"
19.07.2024 04:00:00,"17,75","17,6","17,9","69,52"
19.07.2024 05:00:00,"18,09","17,9","18,2","71,85"
19.07.2024 06:00:00,"18,1",18,"18,3","75,98"
19.07.2024 07:00:00,"18,81","18,1","20,3","78,41"
19.07.2024 08:00:00,"23,92","20,8","26,3","63,35"
19.07.2024 09:00:00,"30,68","26,5","33,2","47,93"
19.07.2024 10:00:00,"34,8","33,4",36,"40,25"
19.07.2024 11:00:00,"36,45","35,4","37,3","39,3"
19.07.2024 12:00:00,"36,55","34,9","37,4","37,88"
19.07.2024 13:00:00,"34,98","33,3","36,6","43,99"
19.07.2024 14:00:00,"35,67","34,8","36,2","41,23"
19.07.2024 15:00:00,"36,15","35,7","37,1","38,31"
19.07.2024 16:00:00,"36,15","35,4","36,9","40,75"
19.07.2024 17:00:00,"35,45","34,3","36,2","43,58"
19.07.2024 18:00:00,"34,35","33,2","35,5","43,45"
19.07.2024 19:00:00,"32,47","30,8","33,3","47,57"
19.07.2024 20:00:00,"29,51","28,4","30,7","53,16"
19.07.2024 21:00:00,"27,4","26,6","28,2","54,77"
19.07.2024 22:00:00,"25,47",25,"26,4","65,55"
19.07.2024 23:00:00,"24,74","24,2","25,1","62,16"
20.07.2024 00:00:00,"23,91","23,2","24,3","72,92"
20.07.2024 01:00:00,"22,02","21,1","22,9","81,94"
20.07.2024 02:00:00,"19,77","18,9","20,8","85,37"
20.07.2024 03:00:00,"18,11","17,6","18,7","84,73"
20.07.2024 04:00:00,"17,99","17,4","18,8","83,63"
20.07.2024 05:00:00,"20,48","18,8","22,2","86,97"
20.07.2024 06:00:00,"22,45",22,"23,2","85,91"
20.07.2024 07:00:00,"21,83","21,4","22,4","82,25"
20.07.2024 08:00:00,"24,75","22,6","26,7","70,48"
20.07.2024 09:00:00,"29,06","26,3","30,4","56,88"
20.07.2024 10:00:00,"31,17","30,6","31,8","50,7"
20.07.2024 11:00:00,"31,65","31,2","32,4","49,54"
20.07.2024 12:00:00,"32,65","32,2","33,4","46,32"
20.07.2024 13:00:00,"33,31","32,7","33,8","43,45"
20.07.2024 14:00:00,"33,53","32,5","34,2","42,3"
20.07.2024 15:00:00,"33,3","32,5","33,9","42,59"
20.07.2024 16:00:00,"33,3","32,8","33,7","43,63"
20.07.2024 17:00:00,"33,7","33,3","34,2","44,5"
20.07.2024 18:00:00,"33,51","32,8","33,9","43,29"
20.07.2024 19:00:00,"32,22","30,6","33,4","46,75"
20.07.2024 20:00:00,"27,85","26,3","29,9","58,62"
20.07.2024 21:00:00,"24,65","23,4",26,"69,33"
20.07.2024 22:00:00,"22,13","21,4","23,1","78,35"
20.07.2024 23:00:00,"20,57",20,"21,3","84,71"
21.07.2024 00:00:00,"19,53","19,2",20,"89,9"
21.07.2024 01:00:00,"19,38","19,2","19,5","92,46"
21.07.2024 02:00:00,"18,82","18,4","19,1","93,05"
21.07.2024 03:00:00,"18,16",18,"18,4","92,58"
21.07.2024 04:00:00,"17,82","17,7",18,"93,92"
21.07.2024 05:00:00,"17,74","17,6",18,"94,48"
21.07.2024 06:00:00,"17,79","17,6","18,1","94,9"
21.07.2024 07:00:00,"19,09","18,2","20,6","93,65"
21.07.2024 08:00:00,"24,05",21,"26,5","76,27"
21.07.2024 09:00:00,"30,28","27,5","31,8","53,95"
21.07.2024 10:00:00,"31,96","30,9","33,2","49,25"
21.07.2024 11:00:00,"33,75","32,7","34,2","45,12"
21.07.2024 12:00:00,"34,65","34,2","34,9","42,36"
21.07.2024 13:00:00,"34,74","34,2","35,4","42,27"
21.07.2024 14:00:00,"35,25","34,6","35,9","38,07"
21.07.2024 15:00:00,"35,05","33,7","37,1","38,68"
21.07.2024 16:00:00,"35,5","34,1","36,3","38,88"
21.07.2024 17:00:00,"33,13","31,5","34,5","49,2"
21.07.2024 18:00:00,"32,14","29,7","33,9","50,73"
21.07.2024 19:00:00,"28,04","27,5","29,4","69,28"
21.07.2024 20:00:00,"26,91","26,3","27,7","72,23"
21.07.2024 21:00:00,"25,37",25,"26,2","78,15"
21.07.2024 22:00:00,"25,17","24,3","25,9","69,08"
21.07.2024 23:00:00,"24,12","23,8","24,3","72,23"
22.07.2024 00:00:00,"23,85","23,7","24,2","77,66"
22.07.2024 01:00:00,"23,46","22,7","24,1","74,56"
22.07.2024 02:00:00,"24,33","23,5","25,3","65,77"
22.07.2024 03:00:00,"21,23","20,7","22,7","85,91"
22.07.2024 04:00:00,"21,16","20,9","21,4","86,99"
22.07.2024 05:00:00,"21,02","20,7","21,5","87,43"
22.07.2024 06:00:00,"21,03","20,6","21,5","89,11"
22.07.2024 07:00:00,"20,52","20,2","21,4","90,48"
22.07.2024 08:00:00,"23,45","21,6","25,7","76,55"
22.07.2024 09:00:00,"27,78","26,2","29,8","58,56"
22.07.2024 10:00:00,"31,19","29,6","33,2","49,72"
22.07.2024 11:00:00,"31,52","29,8","33,7","49,66"
22.07.2024 12:00:00,"31,37","30,2","32,2","48,14"
22.07.2024 13:00:00,"32,09","31,3","32,9","46,33"
22.07.2024 14:00:00,"33,24","31,6","34,6","43,92"
22.07.2024 15:00:00,"29,1",24,"31,9","58,93"
22.07.2024 16:00:00,"22,37","21,8",23,"88,05"
22.07.2024 17:00:00,"22,55","22,1","23,4","87,88"
22.07.2024 18:00:00,"23,91","23,4","24,4","83,52"
22.07.2024 19:00:00,"28,44","25,9","29,3","68,5"
22.07.2024 20:00:00,"25,41","23,6","27,7","76,98"
22.07.2024 21:00:00,"22,53","21,6","23,5","86,05"
22.07.2024 22:00:00,"20,61","19,9","21,4","89,49"
22.07.2024 23:00:00,"19,58","19,4","19,8","91,72"
23.07.2024 00:00:00,"19,26","19,1","19,4","92,96"
23.07.2024 01:00:00,"19,12",19,"19,2","94,28"
23.07.2024 02:00:00,"18,85","18,7",19,"95,08"
23.07.2024 03:00:00,"18,66","18,6","18,7","95,69"
23.07.2024 04:00:00,"18,59","18,4","18,7","96,34"
23.07.2024 05:00:00,"18,12",18,"18,3","96,93"
23.07.2024 06:00:00,"18,01","17,9","18,2","96,93"
23.07.2024 07:00:00,"18,94","18,1","20,3","96,2"
23.07.2024 08:00:00,"23,31","20,6","25,5","82,79"
23.07.2024 09:00:00,"29,86","26,3","32,2","54,78"
23.07.2024 10:00:00,"33,35","32,4","34,3","42,78"
23.07.2024 11:00:00,"34,66","34,2","35,5","38,88"
23.07.2024 12:00:00,"35,12","34,3","35,6","37,55"
23.07.2024 13:00:00,"35,02","34,7","35,3","39,99"
23.07.2024 14:00:00,"34,67","33,9","35,3","45,91"
23.07.2024 15:00:00,"35,23","34,6","35,8","43,42"
23.07.2024 16:00:00,"34,9","34,3","35,4","45,16"
23.07.2024 17:00:00,"34,15","33,3","34,7","43,47"
23.07.2024 18:00:00,"33,28","32,8","33,9","45,88"
23.07.2024 19:00:00,"31,61","30,1","33,2","49,16"
23.07.2024 20:00:00,"27,83","26,4","29,5","59,05"
23.07.2024 21:00:00,"25,56",25,"26,3","66,95"
23.07.2024 22:00:00,"24,45","24,2","24,9","71,97"
23.07.2024 23:00:00,"23,95","23,6","24,3","71,91"
24.07.2024 00:00:00,"23,88","23,4","24,1","65,75"
24.07.2024 01:00:00,"23,13","22,9","23,4","68,65"
24.07.2024 02:00:00,"23,16","22,9","23,4","67,13"
24.07.2024 03:00:00,"20,96",20,"22,7","75,57"
24.07.2024 04:00:00,"20,85",20,22,"78,32"
24.07.2024 05:00:00,"20,43","19,7","21,5","82,28"
24.07.2024 06:00:00,"19,25",19,"19,6","87,98"
24.07.2024 07:00:00,"19,93","19,2","20,9","88,12"
24.07.2024 08:00:00,"23,75",21,"25,6","74,91"
24.07.2024 09:00:00,"29,22","26,8","31,8","58,83"
24.07.2024 10:00:00,"33,41","31,9","34,7","48,07"
24.07.2024 11:00:00,"35,15","33,9","36,1","42,55"
24.07.2024 12:00:00,"32,72","31,2","34,7","50,03"
24.07.2024 13:00:00,"33,89","31,7","35,8","45,11"
24.07.2024 14:00:00,"34,32","33,1","35,3","45,77"
24.07.2024 15:00:00,"34,38","33,2","35,2","48,24"
24.07.2024 16:00:00,"35,25","34,6","35,9","44,48"
24.07.2024 17:00:00,"34,76","33,9","36,1","42,64"
24.07.2024 18:00:00,"34,09","33,8","34,4","46,46"
24.07.2024 19:00:00,"32,6","30,9","34,2","51,86"
24.07.2024 20:00:00,"29,05","27,9","30,5","61,61"
24.07.2024 21:00:00,"26,67",26,"27,6","68,57"
24.07.2024 22:00:00,"25,36","24,8","25,9","72,68"
24.07.2024 23:00:00,"23,78","23,2","24,5","79,68"
25.07.2024 00:00:00,"22,65","22,4","23,2","84,05"
25.07.2024 01:00:00,"21,64","21,1","22,3","87,01"
25.07.2024 02:00:00,"20,74","20,6",21,"89,81"
25.07.2024 03:00:00,"20,25","20,1","20,5","89,91"
25.07.2024 04:00:00,"22,67","20,2","24,7","74,46"
25.07.2024 05:00:00,"24,31","23,2","24,8","61,66"
25.07.2024 06:00:00,"22,29","21,4","22,9","69,03"
25.07.2024 07:00:00,"21,72","21,3","22,6","74,76"
25.07.2024 08:00:00,"25,48","22,8","27,3","60,93"
25.07.2024 09:00:00,"30,4","28,3","31,9","44,6"
25.07.2024 10:00:00,"33,22",32,"34,4","37,81"
25.07.2024 11:00:00,"34,25","33,1","35,2","35,25"
25.07.2024 12:00:00,"35,61","35,2",36,"32,52"
25.07.2024 13:00:00,"35,2","34,7","35,7","35,69"
25.07.2024 14:00:00,"35,47","34,6","36,6","37,86"
25.07.2024 15:00:00,"34,57","33,3","35,5","41,02"
25.07.2024 16:00:00,"35,47","34,8","36,2","39,67"
25.07.2024 17:00:00,"35,13","34,7","36,2","39,7"
25.07.2024 18:00:00,"34,62",34,"35,7","40,11"
25.07.2024 19:00:00,"33,62","32,5","34,1","42,17"
25.07.2024 20:00:00,"29,83","27,7","31,9","54,5"
25.07.2024 21:00:00,"25,88","24,4","27,4","69,54"
25.07.2024 22:00:00,"23,15","22,4","24,1","79,11"
25.07.2024 23:00:00,"21,95","21,6","22,3","84,32"
26.07.2024 00:00:00,"21,35","20,9","21,7","86,84"
26.07.2024 01:00:00,"20,51","20,2","20,8","87,53"
26.07.2024 02:00:00,"19,76","19,5","20,1","87,89"
26.07.2024 03:00:00,"19,35","19,1","19,6","87,65"
26.07.2024 04:00:00,"18,95","18,8","19,1","89,13"
26.07.2024 05:00:00,"18,7","18,5","18,8","90,59"
26.07.2024 06:00:00,"18,47","18,3","18,7","91,64"
26.07.2024 07:00:00,"19,25","18,4","20,8","90,79"
26.07.2024 08:00:00,"24,16","21,1","26,9","72,76"
26.07.2024 09:00:00,"30,85","28,2","32,2","48,55"
26.07.2024 10:00:00,"33,24","32,5","34,1","44,03"
26.07.2024 11:00:00,"34,69","34,3",35,"39,86"
26.07.2024 12:00:00,"35,34","34,5","35,8","39,84"
26.07.2024 13:00:00,"35,78","35,4","36,1","41,68"
26.07.2024 14:00:00,"35,45","34,6","36,2","42,17"
26.07.2024 15:00:00,"36,01","35,3","36,6","38,64"
26.07.2024 16:00:00,"35,68",35,"36,5",39
26.07.2024 17:00:00,"35,56","34,7","36,3","40,84"
26.07.2024 18:00:00,"34,74","34,1","35,4","42,65"
26.07.2024 19:00:00,"33,79","33,1","34,5","47,45"
26.07.2024 20:00:00,"28,91","27,1","31,8","68,59"
26.07.2024 21:00:00,"25,57","24,2","26,9","79,89"
26.07.2024 22:00:00,"23,07","22,2",24,"85,66"
26.07.2024 23:00:00,"21,64",21,"22,2","88,83"
27.07.2024 00:00:00,"20,73","20,4",21,"91,69"
27.07.2024 01:00:00,"20,08","19,9","20,3","93,64"
27.07.2024 02:00:00,"19,53","19,2","19,8","94,79"
27.07.2024 03:00:00,"18,88","18,7","19,2","95,59"
27.07.2024 04:00:00,"18,54","18,4","18,8","96,46"
27.07.2024 05:00:00,"18,26","18,1","18,4","96,98"
27.07.2024 06:00:00,"18,07","17,9","18,3","97,25"
27.07.2024 07:00:00,"18,66","17,9","19,6","97,43"
27.07.2024 08:00:00,"22,89",20,"25,6","90,93"
27.07.2024 09:00:00,"30,25",27,"32,5","55,99"
27.07.2024 10:00:00,"34,05","32,9","34,9","40,52"
27.07.2024 11:00:00,"35,36",35,"36,2","33,01"
27.07.2024 12:00:00,"36,35",36,"36,9","29,75"
27.07.2024 13:00:00,"36,29","35,6",37,"31,28"
27.07.2024 14:00:00,"36,56","36,1","37,1","32,75"
27.07.2024 15:00:00,"36,89","36,2","37,5","30,85"
27.07.2024 16:00:00,"36,98",36,"37,8","28,85"
27.07.2024 17:00:00,"36,36","35,6","37,3","33,05"
27.07.2024 18:00:00,"34,9","34,4","35,6","38,35"
27.07.2024 19:00:00,"33,79","31,9","34,9","39,73"
27.07.2024 20:00:00,"29,2",27,"31,3","54,03"
27.07.2024 21:00:00,"24,54","22,9","26,6","66,95"
27.07.2024 22:00:00,"21,63","20,9","22,6","77,58"
27.07.2024 23:00:00,"20,23",20,"20,7","80,72"
28.07.2024 00:00:00,"19,35",19,"19,8","82,52"
28.07.2024 01:00:00,"18,59","18,4",19,"86,63"
28.07.2024 02:00:00,"17,79","17,4","18,2","87,26"
28.07.2024 03:00:00,"17,43","17,3","17,6","88,77"
28.07.2024 04:00:00,"17,08",17,"17,3","89,03"
28.07.2024 05:00:00,"17,04","16,9","17,2","89,03"
28.07.2024 06:00:00,"17,06","16,8","17,3","90,43"
28.07.2024 07:00:00,"17,95","17,1","19,1","92,02"
28.07.2024 08:00:00,"23,17","19,6","26,5","75,94"
28.07.2024 09:00:00,"31,05","27,6","33,2","47,9"
28.07.2024 10:00:00,"34,68","33,8","36,1","38,31"
28.07.2024 11:00:00,"36,05","34,7",37,"34,16"
28.07.2024 12:00:00,"36,77",36,"37,3","26,25"
28.07.2024 13:00:00,"37,16","36,2","37,9","29,38"
28.07.2024 14:00:00,"36,93",36,"37,7","33,42"
28.07.2024 15:00:00,"36,71",36,"37,2","31,33"
28.07.2024 16:00:00,"36,67","36,4","36,9","31,19"
28.07.2024 17:00:00,"36,72","36,1","37,2","29,14"
28.07.2024 18:00:00,"36,03","35,3","36,8","25,73"
28.07.2024 19:00:00,"34,37","32,6","35,7","31,94"
28.07.2024 20:00:00,"29,85","27,7","32,4","45,83"
28.07.2024 21:00:00,"25,42","23,9","27,3",58
28.07.2024 22:00:00,"22,26","21,2","23,6","67,3"
28.07.2024 23:00:00,"20,54","20,1","21,1","73,2"
29.07.2024 00:00:00,"19,98","19,8","20,2","72,57"
29.07.2024 01:00:00,"19,73","19,6","19,8","65,78"
29.07.2024 02:00:00,"19,08","18,8","19,5","58,2"
29.07.2024 03:00:00,"18,9","18,7","19,1","58,11"
29.07.2024 04:00:00,"19,01","18,8","19,3",62
29.07.2024 05:00:00,"18,11","17,7","18,8","69,54"
29.07.2024 06:00:00,"17,66","17,4","17,8","73,17"
29.07.2024 07:00:00,"18,52","17,8","19,8","72,75"
29.07.2024 08:00:00,"23,57","20,4","26,9","59,05"
29.07.2024 09:00:00,"31,77","28,5","33,8","38,35"
29.07.2024 10:00:00,"35,61","34,2","36,7","32,44"
29.07.2024 11:00:00,"37,26","36,9","37,6","31,35"
29.07.2024 12:00:00,"37,57",37,38,"31,08"
29.07.2024 13:00:00,"38,15","37,1","38,7","29,71"
29.07.2024 14:00:00,"38,56","37,1","39,4","31,45"
29.07.2024 15:00:00,"36,94","36,3","37,9","38,87"
29.07.2024 16:00:00,"37,39","36,5","38,5","38,85"
29.07.2024 17:00:00,"37,05","36,1","38,1","39,36"
29.07.2024 18:00:00,"35,99","34,6","37,1","40,53"
29.07.2024 19:00:00,"34,02","32,3","34,7","44,33"
29.07.2024 20:00:00,"30,3","29,3","31,7","54,13"
29.07.2024 21:00:00,"28,98","28,8","29,4","58,15"
29.07.2024 22:00:00,"27,34","25,9","29,1","63,71"
29.07.2024 23:00:00,25,"24,5","25,7","71,92"
30.07.2024 00:00:00,"24,28",24,"24,8","73,38"
30.07.2024 01:00:00,"25,27","24,1","26,2","66,86"
30.07.2024 02:00:00,"26,16","25,1","26,9","61,24"
30.07.2024 03:00:00,"26,4","24,8","27,5","59,05"
30.07.2024 04:00:00,"22,82","21,9","24,2","72,48"
30.07.2024 05:00:00,"22,04","21,7","22,8","74,78"
30.07.2024 06:00:00,"22,52","21,9","23,2","70,92"
30.07.2024 07:00:00,"22,8","22,1","23,4","70,35"
30.07.2024 08:00:00,"26,37","23,8","29,6","61,49"
30.07.2024 09:00:00,"32,74","30,7","34,2","37,06"
30.07.2024 10:00:00,"35,49","34,4","35,9","27,32"
30.07.2024 11:00:00,"36,33","35,8",37,"25,6"
30.07.2024 12:00:00,"37,85",37,"38,3","22,26"
30.07.2024 13:00:00,"39,02","38,6","39,9","20,93"
30.07.2024 14:00:00,"39,08",38,"39,9","22,14"
30.07.2024 15:00:00,"38,44",38,"39,2","25,31"
30.07.2024 16:00:00,"38,44","37,4","39,4","25,93"
30.07.2024 17:00:00,"38,13","37,6","39,2","25,77"
30.07.2024 18:00:00,"36,42","35,7","38,6","26,38"
30.07.2024 19:00:00,"35,92",35,"36,3","26,58"
30.07.2024 20:00:00,"31,5","29,7","34,2","35,19"
30.07.2024 21:00:00,"28,05","27,4","29,3","45,58"
30.07.2024 22:00:00,"26,42","25,2","27,9","49,81"
30.07.2024 23:00:00,"24,35",24,"25,1","56,12"
31.07.2024 00:00:00,"23,69","23,4","23,9","60,09"
31.07.2024 01:00:00,"23,17","22,9","23,5","66,33"
31.07.2024 02:00:00,"22,98","22,4","23,3","67,7"
31.07.2024 03:00:00,"21,63","21,1","22,3","72,1"
31.07.2024 04:00:00,"20,8","20,6","21,1","75,7"
31.07.2024 05:00:00,"20,27","19,9","20,9","77,85"
31.07.2024 06:00:00,"19,6","19,5","19,9","80,9"
31.07.2024 07:00:00,"20,26","19,6","21,4","80,95"
31.07.2024 08:00:00,"25,05","21,8","29,3","67,86"
31.07.2024 09:00:00,"33,5","30,7","35,8","42,69"
31.07.2024 10:00:00,"36,35","35,9",37,"36,15"
31.07.2024 11:00:00,"36,62","35,9","37,4","35,12"
31.07.2024 12:00:00,"37,88","37,4","38,4","30,3"
31.07.2024 13:00:00,"38,08","37,8","38,3","30,35"
31.07.2024 14:00:00,"38,47","37,3","39,3","27,99"
31.07.2024 15:00:00,"38,31",38,"38,6","26,46"
31.07.2024 16:00:00,"38,55",38,"38,9","25,6"
31.07.2024 17:00:00,"37,82","37,4","38,4","24,55"
31.07.2024 18:00:00,"37,28","36,5","37,9","29,69"
31.07.2024 19:00:00,"35,32","33,3","36,8","39,85"
31.07.2024 20:00:00,"30,38",29,"32,7","52,27"
31.07.2024 21:00:00,"28,14","27,7","28,8","61,91"
31.07.2024 22:00:00,"26,67","25,4","27,5","66,43"
31.07.2024 23:00:00,"23,89","23,1",25,"69,31"
01.08.2024 00:00:00,"22,99","22,6","23,4","67,56"
01.08.2024 01:00:00,"22,33","22,2","22,6","68,47"
01.08.2024 02:00:00,"21,45","21,2",22,"71,3"
01.08.2024 03:00:00,"20,99","20,8","21,2","75,1"
01.08.2024 04:00:00,"20,65","20,3","20,8","75,75"
01.08.2024 05:00:00,"19,75","19,1","20,2","72,15"
01.08.2024 06:00:00,"18,73","18,4",19,"70,76"
01.08.2024 07:00:00,"19,16","18,4","20,5","77,38"
01.08.2024 08:00:00,"23,69",21,"27,1","66,49"
01.08.2024 09:00:00,"30,29",28,"31,7","45,77"
01.08.2024 10:00:00,"32,66","32,1","33,4","40,12"
01.08.2024 11:00:00,"34,66","32,9","35,6","37,01"
01.08.2024 12:00:00,"35,52","34,6","36,1","36,04"
01.08.2024 13:00:00,"35,93","35,5","36,7","30,08"
01.08.2024 14:00:00,"36,64","36,1","37,1","25,55"
01.08.2024 15:00:00,"37,24","36,5","38,3","26,68"
01.08.2024 16:00:00,"37,24","36,8","37,7","28,81"
01.08.2024 17:00:00,"36,78","35,8","37,6","34,46"
01.08.2024 18:00:00,"35,37","34,8","35,8","36,99"
01.08.2024 19:00:00,"33,63",32,35,"37,98"
01.08.2024 20:00:00,"29,6","27,1","31,9","46,95"
01.08.2024 21:00:00,"24,88","23,4","26,7","58,99"
01.08.2024 22:00:00,"22,17","21,6","23,1","67,61"
01.08.2024 23:00:00,"21,08","20,9","21,5","76,04"
02.08.2024 00:00:00,"20,66","20,4","20,8","82,8"
02.08.2024 01:00:00,"20,27",20,"20,5","85,88"
02.08.2024 02:00:00,"20,1",20,"20,2","87,75"
02.08.2024 03:00:00,"20,16",20,"20,4","90,93"
02.08.2024 04:00:00,"20,11","19,7","20,5","92,74"
02.08.2024 05:00:00,"19,43","19,4","19,6","94,65"
02.08.2024 06:00:00,"19,35","19,2","19,6","95,65"
02.08.2024 07:00:00,"19,93","19,2","21,1","96,32"
02.08.2024 08:00:00,"24,52","21,7","27,2","85,82"
02.08.2024 09:00:00,"29,42","27,5","30,8","67,98"
02.08.2024 10:00:00,"31,74","30,6","32,8","58,56"
02.08.2024 11:00:00,"33,16","32,7","33,9","50,97"
02.08.2024 12:00:00,35,"33,4","35,7","41,92"
02.08.2024 13:00:00,"36,28","35,6","37,1","39,59"
02.08.2024 14:00:00,"35,45","33,8","36,4","44,33"
02.08.2024 15:00:00,"36,06",34,37,"44,15"
02.08.2024 16:00:00,"36,15","35,2","37,2","42,27"
02.08.2024 17:00:00,"34,8","33,8","35,4","49,49"
02.08.2024 18:00:00,"32,89","31,5","33,9","54,05"
02.08.2024 19:00:00,"32,4","31,4","33,2","54,82"
02.08.2024 20:00:00,"28,93","27,3",31,"69,78"
02.08.2024 21:00:00,"26,23","25,3","27,1","79,96"
02.08.2024 22:00:00,"24,25","23,5","25,2","85,25"
02.08.2024 23:00:00,"22,88","22,7","23,3","88,9"
03.08.2024 00:00:00,"22,44","22,1","22,8","87,94"
03.08.2024 01:00:00,"21,93","21,7","22,1","89,03"
03.08.2024 02:00:00,"21,85","21,7",22,"91,74"
03.08.2024 03:00:00,"21,93","21,6","22,1","91,92"
03.08.2024 04:00:00,"21,91","21,5","22,8","94,08"
03.08.2024 05:00:00,"22,94","22,7",23,"94,06"
03.08.2024 06:00:00,"22,22","21,7","22,7","93,04"
03.08.2024 07:00:00,"21,98","21,7",23,"92,27"
03.08.2024 08:00:00,"24,69","23,3","26,4","85,66"
03.08.2024 09:00:00,"27,21","26,8","28,2","78,05"
03.08.2024 10:00:00,"29,2","28,1","31,9","66,12"
03.08.2024 11:00:00,"33,35","31,6","35,4","47,7"
03.08.2024 12:00:00,"35,05","33,8","36,5","37,72"
03.08.2024 13:00:00,"35,82","33,6","36,4","40,46"
03.08.2024 14:00:00,"33,51","32,7",34,"54,2"
03.08.2024 15:00:00,"35,07",34,"35,8","48,34"
03.08.2024 16:00:00,"36,04","35,2","36,4","44,24"
03.08.2024 17:00:00,"35,52","33,6","38,3","40,01"
03.08.2024 18:00:00,"33,32","31,9","34,3","43,49"
03.08.2024 19:00:00,"24,86","23,9","28,8","84,78"
03.08.2024 20:00:00,"24,71","23,5","26,1","87,66"
03.08.2024 21:00:00,"22,42","21,8","23,2","92,81"
03.08.2024 22:00:00,"21,26","20,9","21,7","94,62"
03.08.2024 23:00:00,"20,8","20,7","20,9",96
04.08.2024 00:00:00,"20,4","20,1","20,6","96,57"
04.08.2024 01:00:00,"20,06","19,9","20,2","96,8"
04.08.2024 02:00:00,"19,53","19,1","19,9","96,79"
04.08.2024 03:00:00,"18,95","18,8","19,1","97,22"
04.08.2024 04:00:00,"18,67","18,5","18,8","97,52"
04.08.2024 05:00:00,"18,45","18,4","18,6","97,59"
04.08.2024 06:00:00,"18,45","18,4","18,7","97,11"
04.08.2024 07:00:00,"19,01","18,6","19,9","96,67"
04.08.2024 08:00:00,"22,1","20,1","25,3","91,69"
04.08.2024 09:00:00,"28,89","25,7",31,"61,08"
04.08.2024 10:00:00,"32,33","31,4","33,3",46
04.08.2024 11:00:00,"33,78","32,4","34,6","41,16"
04.08.2024 12:00:00,"34,55","33,2","35,6","39,2"
04.08.2024 13:00:00,"34,18","32,8","35,9","39,55"
04.08.2024 14:00:00,"35,87","34,7","36,5","35,02"
04.08.2024 15:00:00,"34,21","33,3","35,8","40,58"
04.08.2024 16:00:00,"33,65","32,8","34,5","42,82"
04.08.2024 17:00:00,"34,13","33,2","34,9","41,73"
04.08.2024 18:00:00,"31,68","30,5","33,2","45,51"
04.08.2024 19:00:00,"31,35","30,1","32,4","47,49"
04.08.2024 20:00:00,"28,62","27,7","29,6","56,09"
04.08.2024 21:00:00,"27,15",27,"27,5","62,12"
04.08.2024 22:00:00,"26,62","26,1","27,1","61,29"
04.08.2024 23:00:00,"25,73",24,"27,2","62,53"
05.08.2024 00:00:00,"23,5",23,"23,9","71,34"
05.08.2024 01:00:00,"22,11","21,3","23,1","75,85"
05.08.2024 02:00:00,"20,88","20,7","21,2","79,75"
05.08.2024 03:00:00,"20,58","20,4","20,8","80,78"
05.08.2024 04:00:00,"20,1","19,9","20,4","79,71"
05.08.2024 05:00:00,"19,65","19,5","19,9","78,65"
05.08.2024 06:00:00,"19,4","19,2","19,7","78,42"
05.08.2024 07:00:00,"19,65","19,1","20,9","77,9"
05.08.2024 08:00:00,"23,99","21,2","27,6","64,79"
05.08.2024 09:00:00,"31,97","28,7","34,7","40,15"
05.08.2024 10:00:00,"35,08","34,4","36,1","31,35"
05.08.2024 11:00:00,36,"34,9","36,7","29,97"
05.08.2024 12:00:00,"36,38","35,4","36,9","30,41"
05.08.2024 13:00:00,"35,43","34,7","36,6","37,34"
05.08.2024 14:00:00,"35,54","34,8","36,3","39,91"
05.08.2024 15:00:00,"35,6","35,2","36,2","38,27"
05.08.2024 16:00:00,"35,57",35,"36,3","38,25"
05.08.2024 17:00:00,"35,9","35,5","36,4","36,44"
05.08.2024 18:00:00,"34,32","33,7","35,3","40,07"
05.08.2024 19:00:00,"33,2","31,9","33,9","44,04"
05.08.2024 20:00:00,"29,47","28,3",31,"57,17"
05.08.2024 21:00:00,"26,49","24,8",28,"66,93"
05.08.2024 22:00:00,"24,36",24,"24,7","75,84"
05.08.2024 23:00:00,"23,47","22,9",24,"79,2"
06.08.2024 00:00:00,"21,81","21,2","22,7","83,91"
06.08.2024 01:00:00,"20,79","20,5","21,2","86,13"
06.08.2024 02:00:00,"19,99","19,6","20,4","89,05"
06.08.2024 03:00:00,"19,3",19,"19,5","90,96"
06.08.2024 04:00:00,"18,78","18,6",19,"91,75"
06.08.2024 05:00:00,"18,54","18,4","18,6","93,12"
06.08.2024 06:00:00,"18,55","18,5","18,8","95,12"
06.08.2024 07:00:00,"19,45","18,7","20,9","95,05"
06.08.2024 08:00:00,"23,89","21,4","27,2","77,8"
06.08.2024 09:00:00,"30,02","28,1",31,"61,1"
06.08.2024 10:00:00,"33,46","31,4","35,8","46,1"
06.08.2024 11:00:00,"34,63","33,7","35,2","42,27"
06.08.2024 12:00:00,"34,74","34,3","35,2","41,07"
06.08.2024 13:00:00,"34,7","33,1","35,8","43,52"
06.08.2024 14:00:00,"33,96","32,3","35,1","48,45"
06.08.2024 15:00:00,"35,35","34,8","35,9","42,01"
06.08.2024 16:00:00,"35,65","34,7","36,2","38,41"
06.08.2024 17:00:00,"35,78","35,4","36,3","36,08"
06.08.2024 18:00:00,"34,68","33,7","35,8","38,15"
06.08.2024 19:00:00,"32,73","31,1","33,4","44,38"
06.08.2024 20:00:00,"28,24","26,9","30,4","59,38"
06.08.2024 21:00:00,"25,43","24,6","26,7","70,44"
06.08.2024 22:00:00,"24,25","24,1","24,5","78,02"
06.08.2024 23:00:00,"24,15","23,7","24,4","79,36"
07.08.2024 00:00:00,"22,23","21,1","23,4","83,75"
07.08.2024 01:00:00,"20,4","20,1",21,"88,32"
07.08.2024 02:00:00,"19,63","19,1",20,"88,92"
07.08.2024 03:00:00,"18,44","18,1",19,"86,79"
07.08.2024 04:00:00,"18,1",18,"18,3",88
07.08.2024 05:00:00,"18,15",18,"18,3","89,91"
07.08.2024 06:00:00,"17,93","17,8","18,2","92,38"
07.08.2024 07:00:00,"18,78","18,1","19,7","92,63"
07.08.2024 08:00:00,"22,73",20,"25,8","78,55"
07.08.2024 09:00:00,"29,9","26,6","32,3","51,25"
07.08.2024 10:00:00,"32,26","31,1","33,4","43,45"
07.08.2024 11:00:00,"33,33","32,2","34,3","46,02"
07.08.2024 12:00:00,"34,39","33,7","35,2","45,48"
07.08.2024 13:00:00,"34,22","32,7","35,3","44,43"
07.08.2024 14:00:00,"34,75","34,2","35,2","44,52"
07.08.2024 15:00:00,"35,73","34,8","36,9","41,27"
07.08.2024 16:00:00,"35,25","34,4","36,5","40,53"
07.08.2024 17:00:00,"35,27","34,5","35,8","36,48"
07.08.2024 18:00:00,"33,8","32,8","35,1","38,03"
07.08.2024 19:00:00,"32,08","31,3","32,6","42,55"
07.08.2024 20:00:00,"28,65","27,1","30,4","55,96"
07.08.2024 21:00:00,"25,32","24,4","26,8","70,46"
07.08.2024 22:00:00,"23,75","23,1","24,3","76,49"
07.08.2024 23:00:00,"22,07","21,3","22,9","82,09"
08.08.2024 00:00:00,"20,95","20,6","21,3","85,82"
08.08.2024 01:00:00,20,"19,5","20,6","86,53"
08.08.2024 02:00:00,"19,12","18,9","19,5","86,95"
08.08.2024 03:00:00,"18,6","18,4","18,9","86,43"
08.08.2024 04:00:00,"18,02","17,6","18,4","87,33"
08.08.2024 05:00:00,"17,17",17,"17,5","84,48"
08.08.2024 06:00:00,"16,94","16,8","17,2","83,96"
08.08.2024 07:00:00,"17,59","17,1","18,6","84,43"
08.08.2024 08:00:00,"22,23","18,9","25,7","68,62"
08.08.2024 09:00:00,"30,13","26,8",32,"44,51"
08.08.2024 10:00:00,"33,48","32,3","34,7","38,07"
08.08.2024 11:00:00,"33,65","32,2","34,8","40,3"
08.08.2024 12:00:00,"35,05",34,"35,6","38,6"
08.08.2024 13:00:00,"34,58","33,5","35,7","40,64"
08.08.2024 14:00:00,"34,83","34,2","35,5","41,3"
08.08.2024 15:00:00,"35,27","34,5","36,2","40,02"
08.08.2024 16:00:00,"35,34","34,3","36,3","38,85"
08.08.2024 17:00:00,"34,93","33,9","35,6","38,05"
08.08.2024 18:00:00,"34,49","32,8","35,4","40,93"
08.08.2024 19:00:00,"31,91","30,3","32,7","48,97"
08.08.2024 20:00:00,"28,57","27,6","29,5","60,82"
08.08.2024 21:00:00,"26,26","25,5","27,3","73,55"
08.08.2024 22:00:00,"24,83","24,4","25,4","81,88"
08.08.2024 23:00:00,"23,48","22,8","24,2","86,83"
09.08.2024 00:00:00,"22,25","21,9","22,7","91,1"
09.08.2024 01:00:00,"21,53","21,1","21,8","93,16"
09.08.2024 02:00:00,"20,71","20,5",21,"94,32"
09.08.2024 03:00:00,"20,22","20,1","20,4","95,62"
09.08.2024 04:00:00,"19,69","19,4",20,"96,23"
09.08.2024 05:00:00,"19,45","19,1","19,7","97,15"
09.08.2024 06:00:00,"19,1","18,8","19,2",97
09.08.2024 07:00:00,"19,16","18,7","20,1","97,34"
09.08.2024 08:00:00,"23,02","20,4","26,2","89,21"
09.08.2024 09:00:00,"29,79","27,3","30,9","60,09"
09.08.2024 10:00:00,"32,84","31,3",34,"49,85"
09.08.2024 11:00:00,"34,48","33,7","35,3","43,33"
09.08.2024 12:00:00,"35,28","34,3","36,3","40,24"
09.08.2024 13:00:00,"36,55","35,9","37,2","39,86"
09.08.2024 14:00:00,"35,95","34,5","37,2","40,65"
09.08.2024 15:00:00,"36,26","35,6",37,"40,08"
09.08.2024 16:00:00,"36,48","35,8","37,1","37,63"
09.08.2024 17:00:00,"36,13","35,7","36,5","36,69"
09.08.2024 18:00:00,"35,3","34,7","35,9","35,74"
09.08.2024 19:00:00,"34,05","33,4","34,5","38,65"
09.08.2024 20:00:00,"29,95","28,4","32,6","44,63"
09.08.2024 21:00:00,"27,04",26,"28,1","52,36"
09.08.2024 22:00:00,"25,17","24,6","25,8","56,37"
09.08.2024 23:00:00,"24,75","24,2","25,6","54,5"
10.08.2024 00:00:00,"23,81","23,5","24,3","56,25"
10.08.2024 01:00:00,"23,2","22,4","23,7","58,44"
10.08.2024 02:00:00,"21,87","21,4","22,3","60,92"
10.08.2024 03:00:00,"20,95","20,7","21,3","61,16"
10.08.2024 04:00:00,"20,56","20,3","20,9","63,18"
10.08.2024 05:00:00,"20,34","20,1","20,5","67,86"
10.08.2024 06:00:00,"20,05","19,9","20,3","72,21"
10.08.2024 07:00:00,"20,49","19,9","21,4","75,87"
10.08.2024 08:00:00,"24,8","21,8","28,2","65,7"
10.08.2024 09:00:00,"33,02","29,1","34,8","43,05"
10.08.2024 10:00:00,"36,57",35,"37,8","35,17"
10.08.2024 11:00:00,"37,95",37,"38,5","31,49"
10.08.2024 12:00:00,"38,35","37,6",39,"30,62"
10.08.2024 13:00:00,"38,43","37,7","39,3","31,14"
10.08.2024 14:00:00,"39,23","37,7","40,1","31,18"
10.08.2024 15:00:00,"38,63","37,6","39,5","32,64"
10.08.2024 16:00:00,"38,75","38,1","39,3","32,22"
10.08.2024 17:00:00,"37,69","36,9","38,9","38,46"
10.08.2024 18:00:00,"35,95","34,8","36,6","42,05"
10.08.2024 19:00:00,"34,67","34,3","35,2","42,49"
10.08.2024 20:00:00,"31,5","29,2","33,6","50,75"
10.08.2024 21:00:00,"27,49","26,1","28,8","61,48"
10.08.2024 22:00:00,"25,17","24,7","25,9","68,17"
10.08.2024 23:00:00,"24,02","23,5","24,6","70,14"
11.08.2024 00:00:00,"23,05","22,8","23,4","71,76"
11.08.2024 01:00:00,"22,44","22,2","22,7","72,4"
11.08.2024 02:00:00,"21,98","21,7","22,2","74,59"
11.08.2024 03:00:00,"21,35","21,1","21,6","77,51"
11.08.2024 04:00:00,"20,82","20,7",21,"80,63"
11.08.2024 05:00:00,"20,88","20,8",21,"82,09"
11.08.2024 06:00:00,"20,61","20,5","20,9","83,61"
11.08.2024 07:00:00,"21,13","20,6",22,"83,65"
11.08.2024 08:00:00,"25,35","22,4","28,8","71,88"
11.08.2024 09:00:00,"32,99","29,7","34,4","48,44"
11.08.2024 10:00:00,"36,26","34,8","38,1","37,56"
11.08.2024 11:00:00,"37,86","37,2","38,4","32,87"
11.08.2024 12:00:00,"38,81","38,3","39,3","31,38"
11.08.2024 13:00:00,"39,15","37,9",40,"31,55"
11.08.2024 14:00:00,"38,31","37,7","39,2","34,47"
11.08.2024 15:00:00,"38,77","37,9","39,4","34,84"
11.08.2024 16:00:00,"37,36","36,9","37,8","39,45"
11.08.2024 17:00:00,"37,18","36,3","37,9","38,45"
11.08.2024 18:00:00,"36,41","35,7","37,3","39,75"
11.08.2024 19:00:00,"35,02",34,"35,9","41,88"
11.08.2024 20:00:00,"31,87",30,"33,5","49,31"
11.08.2024 21:00:00,"28,13","26,7","29,7","58,95"
11.08.2024 22:00:00,"25,49","24,7","26,4","67,23"
11.08.2024 23:00:00,"24,56","24,4","24,7","70,28"
12.08.2024 00:00:00,"23,98","23,6","24,4",71
12.08.2024 01:00:00,"23,33","23,2","23,5","71,24"
12.08.2024 02:00:00,"22,78","22,3","23,4","72,42"
12.08.2024 03:00:00,"21,89","21,7","22,1","76,02"
12.08.2024 04:00:00,"21,66","21,4","21,8",78
12.08.2024 05:00:00,"21,22","21,1","21,4","80,17"
12.08.2024 06:00:00,"21,15",21,"21,3","81,1"
12.08.2024 07:00:00,"21,56","21,2","22,2","80,4"
12.08.2024 08:00:00,"25,3","22,4","29,1","69,55"
12.08.2024 09:00:00,"33,54","29,7","35,6","44,38"
12.08.2024 10:00:00,"36,94",36,"37,5","37,1"
12.08.2024 11:00:00,"38,23","37,4",39,"33,93"
12.08.2024 12:00:00,"38,69","37,6","39,2","33,08"
12.08.2024 13:00:00,"38,7","38,3","39,1","34,09"
12.08.2024 14:00:00,"38,74","38,4","39,1","33,55"
12.08.2024 15:00:00,"38,12","37,5","38,5","35,58"
12.08.2024 16:00:00,"37,5","36,6","38,4","35,63"
12.08.2024 17:00:00,"37,07","36,4","37,6","34,64"
12.08.2024 18:00:00,"36,25","35,6","36,7","30,99"
12.08.2024 19:00:00,"35,08","33,8","35,6","31,67"
12.08.2024 20:00:00,"30,97","28,4","33,1","38,6"
12.08.2024 21:00:00,"26,71","25,3","27,9","47,67"
12.08.2024 22:00:00,"24,25","23,7",25,"54,43"
12.08.2024 23:00:00,"23,15","22,6","23,6","55,36"
13.08.2024 00:00:00,"22,21","21,9","22,5","57,05"
13.08.2024 01:00:00,"21,45","21,1",22,"58,29"
13.08.2024 02:00:00,"20,85","20,7","21,1","58,81"
13.08.2024 03:00:00,"20,41","20,1","20,8","59,65"
13.08.2024 04:00:00,"20,01","19,9","20,1","59,27"
13.08.2024 05:00:00,"19,95","19,9",20,"60,2"
13.08.2024 06:00:00,"20,14",20,"20,5","59,71"
13.08.2024 07:00:00,"20,25",20,"20,8","62,67"
13.08.2024 08:00:00,"23,86","21,1","27,4","56,58"
13.08.2024 09:00:00,"32,01","27,9","34,2","40,91"
13.08.2024 10:00:00,"34,86","34,3","35,9","37,23"
13.08.2024 11:00:00,"36,86","35,7","37,9","33,09"
13.08.2024 12:00:00,"37,2","36,7","37,7","33,04"
13.08.2024 13:00:00,"37,55","37,2","38,1","30,62"
13.08.2024 14:00:00,"38,28","37,3","39,3","30,07"
13.08.2024 15:00:00,"38,47","37,9","38,9","31,49"
13.08.2024 16:00:00,"37,88",37,"38,5","32,23"
13.08.2024 17:00:00,"37,23","36,1","38,1","33,75"
13.08.2024 18:00:00,"35,68","34,4","36,8","37,4"
13.08.2024 19:00:00,"34,46",33,"35,3","43,75"
13.08.2024 20:00:00,"29,7","28,2","32,2","55,45"
13.08.2024 21:00:00,"26,62","25,4","27,9","64,37"
13.08.2024 22:00:00,"25,65","25,3",26,"68,94"
13.08.2024 23:00:00,"24,21","23,4",25,"76,53"
14.08.2024 00:00:00,"22,55","21,9","23,2","80,6"
14.08.2024 01:00:00,"21,65","21,2","21,9","84,86"
14.08.2024 02:00:00,"21,12","20,8","21,4","86,64"
14.08.2024 03:00:00,"20,69","20,5","20,8","88,77"
14.08.2024 04:00:00,"20,69","20,5","20,8","90,37"
14.08.2024 05:00:00,"20,29","19,9","20,7","90,59"
14.08.2024 06:00:00,"19,74","19,5","19,9","91,38"
14.08.2024 07:00:00,"19,83","19,5","20,6","92,12"
14.08.2024 08:00:00,"24,01",21,"27,6","79,21"
14.08.2024 09:00:00,"31,06","28,8","33,5","55,28"
14.08.2024 10:00:00,"34,7","33,8","35,4","39,2"
14.08.2024 11:00:00,"35,97","35,4","36,7","34,08"
14.08.2024 12:00:00,"35,65","34,3","36,4","38,2"
14.08.2024 13:00:00,"36,04","35,4",37,"37,41"
14.08.2024 14:00:00,"36,36","35,9","36,9","34,69"
14.08.2024 15:00:00,"36,55","35,7","37,3","34,32"
14.08.2024 16:00:00,"36,45","35,6",37,"34,63"
14.08.2024 17:00:00,"36,25","35,8","36,8","35,6"
14.08.2024 18:00:00,"34,98","32,8",36,"37,25"
14.08.2024 19:00:00,"31,13","29,5","32,4","48,19"
14.08.2024 20:00:00,"27,59","26,4",29,"69,15"
14.08.2024 21:00:00,"24,94","23,9","26,1","79,97"
14.08.2024 22:00:00,"22,99","22,3","23,7","84,58"
14.08.2024 23:00:00,"21,71","21,2","22,2","84,36"
15.08.2024 00:00:00,"20,78","20,2","21,2","83,59"
15.08.2024 01:00:00,"20,47","20,2","20,7","83,69"
15.08.2024 02:00:00,"20,79","20,4","21,1","86,62"
15.08.2024 03:00:00,"20,6","20,3","21,1","89,13"
15.08.2024 04:00:00,"20,03","19,8","20,2","92,54"
15.08.2024 05:00:00,"19,51","19,2","19,8","91,55"
15.08.2024 06:00:00,"19,24",19,"19,5","87,05"
15.08.2024 07:00:00,"20,15","19,5","21,4","79,7"
15.08.2024 08:00:00,"24,41","21,8","27,5","64,67"
15.08.2024 09:00:00,"30,75","28,5","32,7","44,4"
15.08.2024 10:00:00,"32,92","32,1","33,6","37,31"
15.08.2024 11:00:00,"33,19","32,6","34,4","36,76"
15.08.2024 12:00:00,"34,58","32,7","35,3","38,84"
15.08.2024 13:00:00,"34,96","33,7","35,8","41,99"
15.08.2024 14:00:00,"31,55","28,2","34,7","54,42"
15.08.2024 15:00:00,"27,03","26,1","27,8","66,99"
15.08.2024 16:00:00,"29,37","26,2","30,9","54,78"
15.08.2024 17:00:00,"29,25","28,4","29,8","51,06"
15.08.2024 18:00:00,"27,12","26,3","28,2","60,66"
15.08.2024 19:00:00,"26,07","25,9","26,2","68,5"
15.08.2024 20:00:00,"25,68","25,2","26,1","64,96"
15.08.2024 21:00:00,"24,5","24,2",25,"65,17"
15.08.2024 22:00:00,"23,63","23,3","24,1","69,8"
15.08.2024 23:00:00,"22,58","22,1","23,1","75,02"
16.08.2024 00:00:00,"21,91","21,5","22,2","77,65"
16.08.2024 01:00:00,"21,1","20,8","21,4","79,58"
16.08.2024 02:00:00,"20,58","20,5","20,7","80,6"
16.08.2024 03:00:00,"20,26","20,1","20,5","81,67"
16.08.2024 04:00:00,"19,93","19,8","20,1","84,23"
16.08.2024 05:00:00,"19,95","19,8","20,1","84,84"
16.08.2024 06:00:00,"19,84","19,7","20,1","84,98"
16.08.2024 07:00:00,"20,14","19,8","20,8","85,32"
16.08.2024 08:00:00,"22,51","21,1","24,5","79,91"
16.08.2024 09:00:00,"28,83","25,6","30,9","56,36"
16.08.2024 10:00:00,"30,75","30,2","31,3","50,05"
16.08.2024 11:00:00,"33,29","31,6","34,2","41,95"
16.08.2024 12:00:00,"33,4","32,6","34,1","40,6"
16.08.2024 13:00:00,"33,51","31,9","35,5","43,32"
16.08.2024 14:00:00,"36,03","34,8",37,"37,48"
16.08.2024 15:00:00,"34,53","33,5",36,"45,2"
16.08.2024 16:00:00,"35,85","35,4","36,1","39,73"
16.08.2024 17:00:00,"36,18","35,5",37,"36,24"
16.08.2024 18:00:00,"34,1","32,4",37,"40,58"
16.08.2024 19:00:00,"31,47","29,7","32,4","45,2"
16.08.2024 20:00:00,"28,26",27,"29,4","55,75"
16.08.2024 21:00:00,"25,75","24,9","26,8","64,25"
16.08.2024 22:00:00,"24,75","24,3",25,"68,76"
16.08.2024 23:00:00,"24,03","23,9","24,2","74,01"
17.08.2024 00:00:00,"24,6","23,9",25,"75,79"
17.08.2024 01:00:00,"24,75","24,6","24,9","73,91"
17.08.2024 02:00:00,"24,83","24,5","25,2","72,89"
17.08.2024 03:00:00,"24,31","23,9",25,"75,17"
17.08.2024 04:00:00,"22,76","22,2","23,8","80,95"
17.08.2024 05:00:00,"21,35","20,6","22,1","83,02"
17.08.2024 06:00:00,"19,95","19,3","20,5","86,32"
17.08.2024 07:00:00,"19,81","19,3","20,9","89,94"
17.08.2024 08:00:00,"24,17","21,3",27,"77,87"
17.08.2024 09:00:00,"27,91","27,6","28,6","64,22"
17.08.2024 10:00:00,"30,82","28,2","33,5","54,85"
17.08.2024 11:00:00,"33,66","32,4","34,5","40,01"
17.08.2024 12:00:00,"33,15","31,1","35,1","44,71"
17.08.2024 13:00:00,"33,64","31,5","35,1","41,63"
17.08.2024 14:00:00,"34,23","32,9","34,9","38,1"
17.08.2024 15:00:00,"33,36","32,6","34,1","40,03"
17.08.2024 16:00:00,"31,68",30,"33,8","46,08"
17.08.2024 17:00:00,"31,75","29,9","32,8","49,79"
17.08.2024 18:00:00,"30,63","29,6","33,1","52,22"
17.08.2024 19:00:00,"29,88","28,1","30,5","54,83"
17.08.2024 20:00:00,"27,06","26,1",28,"63,29"
17.08.2024 21:00:00,"24,63","23,5","25,8","72,16"
17.08.2024 22:00:00,"22,46","21,8","23,2","80,12"
17.08.2024 23:00:00,"21,27","21,1","21,7","85,42"
18.08.2024 00:00:00,"20,64","20,5",21,"88,29"
18.08.2024 01:00:00,"20,2",20,"20,5","90,44"
18.08.2024 02:00:00,"19,79","19,7","19,9","92,58"
18.08.2024 03:00:00,"19,53","19,4","19,7",94
18.08.2024 04:00:00,"19,37","19,2","19,6","95,25"
18.08.2024 05:00:00,"19,32","19,2","19,6","96,25"
18.08.2024 06:00:00,"19,82","19,7","20,1","96,35"
18.08.2024 07:00:00,"20,2","19,6",21,"95,6"
18.08.2024 08:00:00,"22,49","21,3","24,7","87,76"
18.08.2024 09:00:00,"27,18","25,4","28,6","66,38"
18.08.2024 10:00:00,"29,2","27,6","30,4","60,33"
18.08.2024 11:00:00,"31,39","27,9","33,8","55,27"
18.08.2024 12:00:00,"28,65","26,3","31,1","62,78"
18.08.2024 13:00:00,"24,88","22,8","26,5","76,54"
18.08.2024 14:00:00,"21,78","20,5","22,6","88,93"
18.08.2024 15:00:00,"24,25","22,2","27,3","85,37"
18.08.2024 16:00:00,"28,58","26,9","30,2","67,93"
18.08.2024 17:00:00,"24,47","22,1","28,4","80,33"
18.08.2024 18:00:00,"25,11",24,26,"87,47"
18.08.2024 19:00:00,"25,11","24,3","26,2","82,52"
18.08.2024 20:00:00,"22,99","22,2","24,7","85,95"
18.08.2024 21:00:00,"22,05","21,8","22,2","86,7"
18.08.2024 22:00:00,"21,7","21,6","21,8","86,7"
18.08.2024 23:00:00,"21,54","20,9","21,8","85,33"
19.08.2024 00:00:00,"20,45","20,2","20,8","89,21"
19.08.2024 01:00:00,"20,24",20,"20,5",90
19.08.2024 02:00:00,"20,11","19,7","20,3","90,18"
19.08.2024 03:00:00,"19,2","18,8","19,6","91,19"
19.08.2024 04:00:00,"18,81","18,6","19,1","91,41"
19.08.2024 05:00:00,"19,33","18,9","19,5","89,43"
19.08.2024 06:00:00,"18,38","18,1","18,8","92,02"
19.08.2024 07:00:00,"19,36","18,6","19,9","90,28"
19.08.2024 08:00:00,"20,47",20,21,"88,54"
19.08.2024 09:00:00,"23,85","21,3","26,9","77,43"
19.08.2024 10:00:00,"27,99",27,"29,7","54,45"
19.08.2024 11:00:00,"29,95","28,6","30,8","47,95"
19.08.2024 12:00:00,"30,07","29,2","31,6","44,51"
19.08.2024 13:00:00,"29,97","29,2","30,7","44,78"
19.08.2024 14:00:00,"30,45",29,"31,9","45,17"
19.08.2024 15:00:00,"26,09","24,4","29,4","65,42"
19.08.2024 16:00:00,"24,69","24,3","25,5","79,61"
19.08.2024 17:00:00,"24,67","23,9","25,5","68,68"
19.08.2024 18:00:00,"24,52",24,"24,9","67,74"
19.08.2024 19:00:00,"23,64","22,9","24,3","72,58"
19.08.2024 20:00:00,"21,73","20,6","22,7","82,27"
19.08.2024 21:00:00,"20,38","20,2","20,5","85,82"
19.08.2024 22:00:00,"19,69",19,"20,6","87,87"
19.08.2024 23:00:00,"18,49","18,2","18,9","91,86"
20.08.2024 00:00:00,"17,86","17,6","18,2","93,7"
20.08.2024 01:00:00,"17,6","17,4","17,8","95,35"
20.08.2024 02:00:00,"17,4","17,3","17,5","96,37"
20.08.2024 03:00:00,"17,3","17,3","17,3","97,03"
20.08.2024 04:00:00,"17,18","17,1","17,3","97,52"
20.08.2024 05:00:00,"17,02","16,9","17,3","97,84"
20.08.2024 06:00:00,"16,92","16,8","17,1","97,92"
20.08.2024 07:00:00,"17,23",17,"17,8","97,78"
20.08.2024 08:00:00,"20,13","17,9","23,3","90,56"
20.08.2024 09:00:00,"27,34","24,5","29,3","59,04"
20.08.2024 10:00:00,"29,9","29,3","30,4","48,5"
20.08.2024 11:00:00,"30,58","29,5","31,6","46,25"
20.08.2024 12:00:00,"31,17","30,4","31,9","45,71"
20.08.2024 13:00:00,"31,63","29,7","33,2","44,61"
20.08.2024 14:00:00,"29,46","28,9",30,"50,89"
20.08.2024 15:00:00,"31,68","29,7","33,2","45,97"
20.08.2024 16:00:00,"30,28","29,4","31,7","47,93"
20.08.2024 17:00:00,"28,84","28,2","30,6","55,45"
20.08.2024 18:00:00,"29,28","28,3","30,5","58,16"
20.08.2024 19:00:00,"27,38",26,"28,4","64,62"
20.08.2024 20:00:00,"25,44",25,"25,9","73,32"
20.08.2024 21:00:00,"24,54","24,2",25,"76,61"
20.08.2024 22:00:00,"23,94","23,7","24,1","80,18"
20.08.2024 23:00:00,"23,01","22,6","23,6","84,15"
21.08.2024 00:00:00,"22,35","22,1","22,6","87,24"
21.08.2024 01:00:00,"21,81","21,5",22,"88,98"
21.08.2024 02:00:00,"20,92","20,6","21,4","91,58"
21.08.2024 03:00:00,"21,15",21,"21,2","93,19"
21.08.2024 04:00:00,"20,87","20,2","21,3","94,27"
21.08.2024 05:00:00,"20,09","19,8","20,3","95,93"
21.08.2024 06:00:00,"19,67","19,4","19,9","96,38"
21.08.2024 07:00:00,"19,77","19,4","20,6","97,36"
21.08.2024 08:00:00,"23,28","21,4","25,3","93,71"
21.08.2024 09:00:00,"27,49","26,1","28,4","74,76"
21.08.2024 10:00:00,"29,45","28,6","30,5","61,47"
21.08.2024 11:00:00,"30,64","29,5","31,5","54,95"
21.08.2024 12:00:00,"31,6","29,4","33,1","50,57"
21.08.2024 13:00:00,"31,98","31,3","32,7","49,93"
21.08.2024 14:00:00,"31,88",31,"32,9","52,59"
21.08.2024 15:00:00,"32,64","31,8","33,5","49,93"
21.08.2024 16:00:00,"32,75","32,1","33,2","45,29"
21.08.2024 17:00:00,"33,09","32,2",34,"43,01"
21.08.2024 18:00:00,"31,29","29,9",32,"46,99"
21.08.2024 19:00:00,"29,67","29,3","30,1","51,48"
21.08.2024 20:00:00,"26,78","25,6","29,2","57,49"
21.08.2024 21:00:00,"25,18","24,7","25,6","60,1"
21.08.2024 22:00:00,"23,75","22,8","24,6","66,4"
21.08.2024 23:00:00,"23,17","22,6","23,7","67,25"
22.08.2024 00:00:00,"21,95","21,1","22,9","72,67"
22.08.2024 01:00:00,"20,68","20,2","21,1","78,39"
22.08.2024 02:00:00,"19,93","19,5","20,2","82,05"
22.08.2024 03:00:00,"19,32","19,2","19,4","86,05"
22.08.2024 04:00:00,"19,04","18,9","19,3","88,38"
22.08.2024 05:00:00,"18,95","18,9",19,"87,45"
22.08.2024 06:00:00,"18,64","18,5","18,8","87,18"
22.08.2024 07:00:00,"18,85","18,4","19,9","89,06"
22.08.2024 08:00:00,"22,15","20,1","25,2","80,54"
22.08.2024 09:00:00,"29,48","26,1","31,3","54,87"
22.08.2024 10:00:00,"32,65","31,8","33,6","42,7"
22.08.2024 11:00:00,"34,11",33,"35,4","40,58"
22.08.2024 12:00:00,"33,78",33,"34,6","40,6"
22.08.2024 13:00:00,"34,13","33,5","34,7","42,18"
22.08.2024 14:00:00,"33,39","32,6","34,2","48,45"
22.08.2024 15:00:00,"33,75",33,"34,4","46,12"
22.08.2024 16:00:00,"34,7",34,"35,3","42,73"
22.08.2024 17:00:00,"33,72",33,"34,6","44,78"
22.08.2024 18:00:00,"32,87","31,4","34,1","46,59"
22.08.2024 19:00:00,"31,46",31,32,"49,94"
22.08.2024 20:00:00,"27,95","26,1","30,9","60,85"
22.08.2024 21:00:00,"25,26","24,7","25,9","69,31"
22.08.2024 22:00:00,"23,35","22,5","24,5","76,7"
22.08.2024 23:00:00,"21,74","21,3","22,3","79,54"
23.08.2024 00:00:00,"21,05","20,7","21,3","81,13"
23.08.2024 01:00:00,"20,23","19,8","20,6","84,03"
23.08.2024 02:00:00,"19,57","19,5","19,8","87,25"
23.08.2024 03:00:00,"19,92","19,7","20,2","86,89"
23.08.2024 04:00:00,"19,57",19,"19,8","88,57"
23.08.2024 05:00:00,"18,58","18,4","18,9","92,14"
23.08.2024 06:00:00,"18,36","18,3","18,4","93,3"
